feature,importance
crop_type_rice,0.23089662288054238
organic_matter,0.21269662652830684
rainfall,0.15294269335585642
P,0.13265918945888694
K,0.06736261437249624
N,0.05546037081092114
fertilizer_usage,0.03574942051289955
crop_type_oats,0.025024905392165623
crop_type_maize,0.021645379064620295
temp_min,0.020708819378931518
pH,0.02036206097669447
temp_max,0.015601906963360558
crop_type_barley,0.004537017203071232
crop_type_wheat,0.004352373101246801
